benchmark,seed,method,fraction_of_archived_last_update,fixed_training_objective,offline_full_field_l2,loss_pde,loss_bc,loss_ic,loss_sparse_data
advection_diffusion,1,vara_v2,0,0.00084324576891958714,0.024782178923487663,0.00046379136620089412,1.0126700544788036e-05,2.4711516743991524e-05,1.553612673887983e-05
advection_diffusion,1,vara_v2,0.25,0.0005772359436377883,0.017319532111287117,0.00044111802708357573,4.5288170440471731e-06,7.597059720865218e-06,7.4295589911343995e-06
advection_diffusion,1,vara_v2,0.5,0.00068137841299176216,0.022343508899211884,0.00046256062341853976,9.6530711743980646e-06,9.8583059298107401e-06,1.1852021998493001e-05
advection_diffusion,1,vara_v2,0.75,0.0011556419776752591,0.034812159836292267,0.00052811700152233243,2.5499412004137412e-05,3.149276744807139e-05,2.8801619919249788e-05
advection_diffusion,1,vara_v2,1,0.002000017324462533,0.049375060945749283,0.00063778820913285017,5.2069037337787449e-05,7.2498529334552586e-05,5.8276717027183622e-05
advection_diffusion,3,vara_v2,0,0.018037509173154831,0.16522026062011719,0.0028658581431955099,0.00079375272616744041,0.00058589648688212037,0.00068758003180846572
advection_diffusion,3,vara_v2,0.25,0.0041108210571110249,0.077229157090187073,0.00084075873019173741,0.00016961889923550189,0.00012771553883794695,0.00014835903130006045
advection_diffusion,3,vara_v2,0.5,0.00049375579692423344,0.01975938118994236,0.00031070696422830224,8.5793262769584544e-06,7.7823679021093994e-06,9.7159418146475218e-06
advection_diffusion,3,vara_v2,0.75,0.0072060646489262581,0.10295091569423676,0.0012784088030457497,0.00031141558429226279,0.00022692055790685117,0.00027214703732170165
advection_diffusion,3,vara_v2,1,0.024267056956887245,0.19134290516376495,0.0037464774213731289,0.0010788905201479793,0.00078594079241156578,0.00093613326316699386
advection_diffusion,5,vara_v2,0,0.0053176633082330227,0.084270991384983063,0.0012424805900081992,0.00019953600713051856,0.00017131456115748733,0.00018333847401663661
advection_diffusion,5,vara_v2,0.25,0.0015508432406932116,0.040875453501939774,0.00062026944942772388,4.5016538933850825e-05,3.9625752833671868e-05,4.2075458623003215e-05
advection_diffusion,5,vara_v2,0.5,0.00059688970213755965,0.015967918559908867,0.00046494224807247519,5.843174676556373e-06,6.1301243476918899e-06,6.1072341850376688e-06
advection_diffusion,5,vara_v2,0.75,0.0024530130904167891,0.053395085036754608,0.00077542284270748496,8.1879348726943135e-05,7.080513023538515e-05,7.5372721767053008e-05
advection_diffusion,5,vara_v2,1,0.0071163116954267025,0.09724029153585434,0.0015506432391703129,0.00027298109489493072,0.00023362475621979684,0.00024980466696433723
advection_diffusion,8,vara_v2,0,0.032449431717395782,0.20606574416160583,0.0092569943517446518,0.0012220570351928473,0.00087743462063372135,0.0010987605201080441
advection_diffusion,8,vara_v2,0.25,0.0070740333758294582,0.095329731702804565,0.0021785241551697254,0.00025531311985105276,0.00018708314746618271,0.00023577331739943475
advection_diffusion,8,vara_v2,0.5,0.00066542893182486296,0.021956669166684151,0.00039797724457457662,1.2679416613536887e-05,1.1853418072860222e-05,1.1061671102652326e-05
advection_diffusion,8,vara_v2,0.75,0.013168365694582462,0.12909685075283051,0.0038511902093887329,0.00049382355064153671,0.00035286971251480281,0.00042512107756920159
advection_diffusion,8,vara_v2,1,0.044519167393445969,0.24011783301830292,0.012467212975025177,0.0016983185196295381,0.0012112022377550602,0.00147837377153337
advection_diffusion,18,vara_v2,0,0.044648393988609314,0.25290331244468689,0.0061302795074880123,0.0016317522386088967,0.0019117218907922506,0.0015416850801557302
advection_diffusion,18,vara_v2,0.25,0.014903637580573559,0.14562119543552399,0.0021968837827444077,0.0005385223776102066,0.00062927277758717537,0.00051440129755064845
advection_diffusion,18,vara_v2,0.5,0.0013627049047499895,0.040256794542074203,0.00045285368105396628,3.8500213122460991e-05,4.4461452489485964e-05,4.0117327444022521e-05
advection_diffusion,18,vara_v2,0.75,0.0039449529722332954,0.071435682475566864,0.00087152881314978004,0.00012857528054155409,0.00015549994714092463,0.00011633602116489783
advection_diffusion,18,vara_v2,1,0.022568671032786369,0.17762067914009094,0.003426290350034833,0.0008055918151512742,0.00096054200548678637,0.00074052147101610899
advection_diffusion,2,vara_v2,0,0.00043852132512256503,0.013174788095057011,0.00035156751982867718,3.4246429549966706e-06,4.5089245759299956e-06,3.8090674934210256e-06
advection_diffusion,2,vara_v2,0.25,0.00043550040572881699,0.013041537255048752,0.00035090389428660274,3.2957525490928674e-06,4.4170747059979476e-06,3.7341205825214274e-06
advection_diffusion,2,vara_v2,0.5,0.00043476306018419564,0.013011600822210312,0.00035090991877950728,3.2351322261092719e-06,4.4059597712475806e-06,3.7211079870758113e-06
advection_diffusion,2,vara_v2,0.75,0.00043630300206132233,0.013085723854601383,0.00035157892853021622,3.2426205507363193e-06,4.4757507566828281e-06,3.770182047446724e-06
advection_diffusion,2,vara_v2,1,0.00044012247235514224,0.013262039981782436,0.00035291485255584121,3.3182509469042998e-06,4.6262834985100199e-06,3.8811344893474597e-06
advection_diffusion,4,vanilla,0,0.00097011961042881012,0.031283333897590637,0.00045174916158430278,2.4318691430380568e-05,2.3105223590391688e-05,2.2065656594350003e-05
advection_diffusion,4,vanilla,0.25,0.00052992277778685093,0.018891248852014542,0.0003781460109166801,6.2641474869451486e-06,7.3052565312536899e-06,8.0413701653014868e-06
advection_diffusion,4,vanilla,0.5,0.0014119422994554043,0.039349406957626343,0.00058144622016698122,4.2933170334435999e-05,3.2373587600886822e-05,3.8714275433449075e-05
advection_diffusion,4,vanilla,0.75,0.0036123690661042929,0.06744442880153656,0.001060289447195828,0.00013420866162050515,9.8203512607142329e-05,0.00011397897469578311
advection_diffusion,4,vanilla,1,0.0071273953653872013,0.096714027225971222,0.0018133160192519426,0.00027997297002002597,0.00020468908769544214,0.00023372967552859336
