block,variable,patch_id,action_type,loss_names,severity,persistence,trend,gradient_compatibility,predicted_target_improvement,predicted_guard_damage,rank_score,prefiltered,accepted,rollback_reason,trust_radius_after,target_noise,observed_target_improvement,reward_ratio,comparison_mode,guard_changes_pde_residual_mean,guard_changes_boundary_condition_error,guard_changes_unweighted_validation_loss,guard_changes_unweighted_physics_validation_loss,guard_noise_pde_residual_mean,guard_noise_boundary_condition_error,guard_noise_unweighted_validation_loss,guard_noise_unweighted_physics_validation_loss,trust_radius_before,effectiveness_after,cohort,seed,benchmark,commit_step_before_probe,commit_step_after_probe,patch_x_index,patch_y_index,patch_t_index,worst_guard_change,max_guard_violation
0,pde_residual,37,sampling,['pde'],20.024840777875188,1,0,0.31246107816696167,13.140912058725904,0,8.2724285267834698,False,True,,0.10000000000000001,0.0050000000000000001,0.6062547885515861,0.046134909498082917,counterfactual,0.0095692593958971658,-0.12358961965529859,-0.010936380638819137,0.00035283783703983832,0.02,0.02,0.02,0.02,0.10000000000000001,0.80922698189961662,AD_0_4,1,advection_diffusion,500,525,2,2,1,0.0095692593958971658,-0.010430740604102835
1,pde_residual,5,joint,['pde'],5.8272033888274875,1,-0.32621358805997086,0.40175867080688477,4.0841664384220966,0,2.5786117308863745,False,True,,0.10000000000000001,0.0050000000000000001,0.027924852898775429,0.006837344491172132,counterfactual,-0.0018774964311632373,0.011700984256034129,-0.0014233503329087963,-0.0016180778665624575,0.02,0.02,0.02,0.02,0.10000000000000001,0.80136746889823451,AD_0_4,1,advection_diffusion,1000,1025,0,1,0,0.011700984256034129,-0.0082990157439658714
2,pde_residual,63,sampling,['pde'],5.5753781143233905,3,0.028293325163386871,0.57774776220321655,4.398270171655259,0,2.6485301306863378,False,False,pareto_guard_violation,0.050000000000000003,0.0050000000000000001,0.12353673239178765,0.028087572516104768,counterfactual,0.27574322682081392,3.0935387939161592,0.69500107436958203,0.5025400216837641,0.02,0.02,0.02,0.02,0.10000000000000001,0.80000000000000004,AD_0_4,1,advection_diffusion,1500,1525,3,2,2,3.0935387939161592,3.0735387939161591
3,pde_residual,63,local_loss,['pde'],5.5480439747421695,4,-0.0049026521647013484,0.047650896012783051,2.906206620628478,0,2.528257503882954,False,False,pareto_guard_violation,0.025000000000000001,0.0050000000000000001,0.086180658665613558,0.029654002593585953,counterfactual,0.018213081391280677,1.0463374149704094,0.16794237846612925,0.096789215330045336,0.02,0.02,0.02,0.02,0.050000000000000003,0.80000000000000004,AD_0_4,1,advection_diffusion,2000,2025,3,2,2,1.0463374149704094,1.0263374149704094
4,pde_residual,6,sampling,['pde'],4.9994803047292464,1,1.5499869690827581,0.56078898906707764,3.9015669053395627,0,2.4119499197051142,False,False,target_below_noise,0.025000000000000001,0.0050000000000000001,-0.18794072004037624,-0.048170574694789019,counterfactual,0.19385144513815566,0.3580774224330201,0.26215169966061941,0.2342789020806032,0.02,0.02,0.02,0.02,0.025000000000000001,0.80000000000000004,AD_0_4,1,advection_diffusion,2500,2525,1,1,0,0.3580774224330201,0.33807742243302008
5,pde_residual,63,joint,['pde'],5.5885006808400535,1,0.70783457769908986,0.80809539556503296,5.0522711745694764,0,2.6678028092189372,False,False,pareto_guard_violation,0.025000000000000001,0.0050000000000000001,0.25611344204724196,0.0506927346529586,counterfactual,0.026187038661267998,0.33145731779494308,0.014572661863263284,0.018677393788668274,0.02,0.02,0.02,0.02,0.025000000000000001,0.80000000000000004,AD_0_4,1,advection_diffusion,3000,3025,3,2,2,0.33145731779494308,0.31145731779494307
6,pde_residual,58,sampling,['pde'],5.1254946634827672,1,0.42462196901690769,0,2.5627473317413836,0.024915659628866875,2.2677444026659308,False,True,,0.025000000000000001,0.0050000000000000001,0.42229788079239106,0.16478326815989314,counterfactual,-0.041165677338018992,-0.063705908524439511,-0.035859529225421086,-0.040127958930723122,0.02,0.02,0.02,0.02,0.025000000000000001,0.83295665363197868,AD_0_4,1,advection_diffusion,3500,3525,3,1,2,-0.035859529225421086,-0.05585952922542109
0,pde_residual,63,sampling,['pde'],16.183875546234276,1,0,0.96978819370269775,15.939403489663038,0,6.8675078572342505,False,True,,0.10000000000000001,0.0050000000000000001,0.57935172141938629,0.036347139451931514,counterfactual,-0.00035610461844264523,-0.011355556263591743,0.005488954030307365,0.0035501626899642528,0.02,0.02,0.02,0.02,0.10000000000000001,0.80726942789038636,AD_0_4,2,advection_diffusion,500,525,3,2,2,0.005488954030307365,-0.014511045969692635
1,pde_residual,37,sampling,['pde'],5.7384182129347217,1,-0.30556726322887157,0.66422981023788452,4.7750233267889861,0,2.5976565208985782,False,True,,0.10000000000000001,0.0050000000000000001,0.36692289983117571,0.076842116722792397,counterfactual,-0.048125471044823037,-0.42761193132738906,-0.12749906630383143,-0.094765100705637623,0.02,0.02,0.02,0.02,0.10000000000000001,0.8153684233445585,AD_0_4,2,advection_diffusion,1000,1025,2,2,1,-0.048125471044823037,-0.068125471044823041
2,pde_residual,36,joint,['pde'],3.6905687247908014,1,0.31940282510512341,0.58692348003387451,2.9283250820245987,0,1.8255524684336077,False,False,pareto_guard_violation,0.050000000000000003,0.0050000000000000001,0.55539085335770899,0.18966161126268138,counterfactual,-0.040869929686248765,0.068369870078589814,-0.011750307316960806,-0.030186449887950707,0.02,0.02,0.02,0.02,0.10000000000000001,0.80000000000000004,AD_0_4,2,advection_diffusion,1500,1525,1,2,1,0.068369870078589814,0.048369870078589811
3,pde_residual,11,sampling,['pde'],4.2231873227930699,1,0.72895721629728227,0,2.1115936613965349,0.70838209611461311,1.2537885546323428,True,False,predicted_guard_damage,0.050000000000000003,,,,,,,,,,,,,,,AD_0_4,2,advection_diffusion,2000,2025,1,2,0,,
3,pde_residual,11,local_loss,['pde'],4.2231873227930699,1,0.72895721629728227,0,2.1115936613965349,0.70838209611461311,1.2537885546323428,True,False,predicted_guard_damage,0.050000000000000003,,,,,,,,,,,,,,,AD_0_4,2,advection_diffusion,2000,2025,1,2,0,,
3,pde_residual,11,joint,['pde'],4.2231873227930699,1,0.72895721629728227,0,2.1115936613965349,0.70838209611461311,1.2537885546323428,True,False,predicted_guard_damage,0.050000000000000003,,,,,,,,,,,,,,,AD_0_4,2,advection_diffusion,2000,2025,1,2,0,,
3,pde_residual,6,joint,['pde'],4.1357468828744164,1,0.44268997306637015,0.19876784086227417,2.4789001805681226,0,1.9383213186288584,False,True,,0.050000000000000003,0.0050000000000000001,0.6507215645759542,0.26250414182745335,counterfactual,-0.56441594977240994,-0.3531555443813163,-0.52671607846927992,-0.53194127652578016,0.02,0.02,0.02,0.02,0.050000000000000003,0.85250082836549068,AD_0_4,2,advection_diffusion,2000,2025,1,1,0,-0.3531555443813163,-0.37315554438131632
4,pde_residual,58,sampling,['pde'],7.1642447529214639,1,1.1448138688690974,0.54468315839767456,5.5332441062383468,0,3.2746345328481206,False,False,pareto_guard_violation,0.025000000000000001,0.0050000000000000001,0.071803479547193516,0.012976741703161099,counterfactual,0.23429215309367066,4.055009752658691,0.72564175149162569,0.50189535760797788,0.02,0.02,0.02,0.02,0.050000000000000003,0.80000000000000004,AD_0_4,2,advection_diffusion,2500,2525,3,1,2,4.055009752658691,4.0350097526586914
5,pde_residual,58,local_loss,['pde'],4.2904088229019965,2,-0.40113592278476556,0.78032970428466797,3.819171135468721,0,2.0821158777392559,False,False,target_below_noise,0.025000000000000001,0.0050000000000000001,-0.025715499033908375,-0.0067332670157375261,counterfactual,0.0044746982267154702,-0.067008947928306833,-0.0077995523431761433,-0.0030559440847153928,0.02,0.02,0.02,0.02,0.025000000000000001,0.80000000000000004,AD_0_4,2,advection_diffusion,3000,3025,3,1,2,0.0044746982267154702,-0.01552530177328453
6,pde_residual,58,joint,['pde'],3.784487011110043,3,-0.11791925494168509,0,1.8922435055550215,0.72933938518056662,1.0726634937692818,True,False,predicted_guard_damage,0.025000000000000001,,,,,,,,,,,,,,,AD_0_4,2,advection_diffusion,3500,3525,3,1,2,,
6,pde_residual,58,sampling,['pde'],3.784487011110043,3,-0.11791925494168509,0,1.5137948044440173,0.72933938518056662,1.042663493769282,True,False,predicted_guard_damage,0.025000000000000001,,,,,,,,,,,,,,,AD_0_4,2,advection_diffusion,3500,3525,3,1,2,,
6,pde_residual,58,local_loss,['pde'],3.784487011110043,3,-0.11791925494168509,0,1.5137948044440173,0.72933938518056662,1.042663493769282,True,False,predicted_guard_damage,0.025000000000000001,,,,,,,,,,,,,,,AD_0_4,2,advection_diffusion,3500,3525,3,1,2,,
6,pde_residual,63,joint,['pde'],3.7649025697127421,1,1.7242688613004771,0.66146671772003174,3.1276301575181713,0,1.9382543714291034,False,False,target_below_noise,0.025000000000000001,0.0050000000000000001,-18.182296004644638,-5.8134418358059969,counterfactual,7.5856700957781813,13.55489259118988,9.198870948497806,8.3163676773732771,0.02,0.02,0.02,0.02,0.025000000000000001,0.80000000000000004,AD_0_4,2,advection_diffusion,3500,3525,3,2,2,13.55489259118988,13.53489259118988
0,initial_condition_mismatch,5,joint,['ic'],11.290088572208044,1,0,0,5.6450442861040218,1.6890061577280904,3.0270292711551274,True,False,predicted_guard_damage,0.10000000000000001,,,,,,,,,,,,,,,AD_0_4,3,advection_diffusion,500,525,0,1,0,,
0,initial_condition_mismatch,6,sampling,['ic'],13.817149356622012,1,0,0,6.9085746783110062,0.7272711523235933,4.999588590325212,False,False,target_below_noise,0.050000000000000003,0.0050000000000000001,-0.061073269616413656,-0.0088402127009133986,counterfactual,0.045632839285127673,0.75492018747027512,0.21607776584434393,0.14230835806367637,0.02,0.02,0.02,0.02,0.10000000000000001,0.80000000000000004,AD_0_4,3,advection_diffusion,500,525,1,1,0,0.75492018747027512,0.7349201874702751
1,pde_residual,36,sampling,['pde'],8.7185632829312887,1,0.46065623210668927,0,4.3592816414656443,0.19313443487453177,3.5403565015086524,False,True,,0.050000000000000003,0.0050000000000000001,0.26351612539319341,0.060449438019011779,counterfactual,0.013665250786969471,-0.070140470122841567,0.0029874162597339805,0.0094326372496289848,0.02,0.02,0.02,0.02,0.050000000000000003,0.81208988760380241,AD_0_4,3,advection_diffusion,1000,1025,1,2,1,0.013665250786969471,-0.0063347492130305296
2,pde_residual,63,sampling,['pde'],6.7352885694647515,1,0.14941256738088313,0.71062815189361572,5.7607871190268414,0,3.0511823149027122,False,False,target_below_noise,0.025000000000000001,0.0050000000000000001,-3.3482053558881151,-0.58120622871648853,counterfactual,2.0383474103804322,6.7446986660292287,2.6976114718235906,2.3202989523006514,0.02,0.02,0.02,0.02,0.050000000000000003,0.80000000000000004,AD_0_4,3,advection_diffusion,1500,1525,3,2,2,6.7446986660292287,6.7246986660292292
3,pde_residual,58,sampling,['pde'],5.796697490185065,2,0.14459984885560884,0.45929056406021118,4.2295329750692874,0,2.674997093771629,False,False,target_below_noise,0.025000000000000001,0.0050000000000000001,-0.90681342662388875,-0.21440036807114229,counterfactual,0.085480326051405708,0.0012534559647133805,0.080849478716953541,0.081701602216828817,0.02,0.02,0.02,0.02,0.025000000000000001,0.80000000000000004,AD_0_4,3,advection_diffusion,2000,2025,3,1,2,0.085480326051405708,0.065480326051405705
4,pde_residual,11,joint,['pde'],7.6686228014713418,1,0.90039696131696412,0.70437479019165039,6.5351036891583121,0,3.498363774758563,False,True,,0.025000000000000001,0.0050000000000000001,0.12318896194560185,0.018850345427567035,counterfactual,-0.024116334563521864,-0.0035566202261776347,-0.014505280392585251,-0.019335975833434157,0.02,0.02,0.02,0.02,0.025000000000000001,0.80377006908551341,AD_0_4,3,advection_diffusion,2500,2525,1,2,0,-0.0035566202261776347,-0.023556620226177636
5,pde_residual,63,local_loss,['pde'],8.8741419160151658,4,0.14038164176976892,0.77381527423858643,7.8705442381942881,0,4.0184579854307607,False,False,target_below_noise,0.025000000000000001,0.0050000000000000001,-0.86798344060525412,-0.11028251850654645,counterfactual,2.5489135452190386,2.1233425818194598,2.9880539192886379,2.7871284962711624,0.02,0.02,0.02,0.02,0.025000000000000001,0.80000000000000004,AD_0_4,3,advection_diffusion,3000,3025,3,2,2,2.9880539192886379,2.9680539192886379
6,pde_residual,58,local_loss,['pde'],7.4251832881493192,2,0.089315616059092481,0.58697384595870972,5.8917858398713321,0,3.3463996460573791,False,False,pareto_guard_violation,0.025000000000000001,0.0050000000000000001,0.061111986900005889,0.010372404659796747,counterfactual,0.22233629201483676,2.721537333813167,0.59225744023445437,0.4198478130773578,0.02,0.02,0.02,0.02,0.025000000000000001,0.80000000000000004,AD_0_4,3,advection_diffusion,3500,3525,3,1,2,2.721537333813167,2.701537333813167
0,pde_residual,63,sampling,['pde'],18.310796184037315,1,0,0.79335343837738037,16.418864648035367,0,7.6829891612904033,False,False,pareto_guard_violation,0.050000000000000003,0.0050000000000000001,0.28156046460703199,0.01714859526786602,counterfactual,0.059549484525644868,0.73868517052486493,0.12923665574707785,0.094910360288133183,0.02,0.02,0.02,0.02,0.10000000000000001,0.80000000000000004,AD_0_4,4,advection_diffusion,500,525,3,2,2,0.73868517052486493,0.71868517052486491
1,pde_residual,37,sampling,['pde'],10.584611189887676,2,-0.16831716917188361,0.085620194673538208,5.7454338302547852,0,4.4841367979725897,False,False,pareto_guard_violation,0.025000000000000001,0.0050000000000000001,0.24071844473853554,0.041897348720812043,counterfactual,0.043922033985669164,0.11034033874897833,0.050296742973201289,0.044196620607012509,0.02,0.02,0.02,0.02,0.050000000000000003,0.80000000000000004,AD_0_4,4,advection_diffusion,1000,1025,2,2,1,0.11034033874897833,0.09034033874897833
2,pde_residual,63,local_loss,['pde'],13.690995298728348,3,0.39559502706600158,0.56719440221786499,10.728225596479087,0,5.929396502641513,False,False,target_below_noise,0.025000000000000001,0.0050000000000000001,-0.016357959419472243,-0.0015247590826987071,counterfactual,0.094114902778215742,0.89304051421846953,0.25726702952573255,0.17952789741999289,0.02,0.02,0.02,0.02,0.025000000000000001,0.80000000000000004,AD_0_4,4,advection_diffusion,1500,1525,3,2,2,0.89304051421846953,0.87304051421846951
3,pde_residual,63,joint,['pde'],9.4003164845615199,4,-0.31339422157022018,0.4451691210269928,6.792523555684661,0,4.117820995872985,False,False,target_below_noise,0.025000000000000001,0.0050000000000000001,-2.1594112887198404,-0.31791001842203842,counterfactual,0.27091394335994068,0.61622186169452819,0.30074388541615521,0.28696737388112348,0.02,0.02,0.02,0.02,0.025000000000000001,0.80000000000000004,AD_0_4,4,advection_diffusion,2000,2025,3,2,2,0.61622186169452819,0.59622186169452818
4,pde_residual,11,sampling,['pde'],10.307242458459779,1,1.4271695375798572,0.15845231711864471,5.9702244545532039,0,4.4545874468076407,False,False,pareto_guard_violation,0.025000000000000001,0.0050000000000000001,0.62421157923355575,0.10455412254349994,counterfactual,-0.2342887606677094,0.12262630978369476,-0.038137648518516649,-0.11019913635221554,0.02,0.02,0.02,0.02,0.025000000000000001,0.80000000000000004,AD_0_4,4,advection_diffusion,2500,2525,1,2,0,0.12262630978369476,0.10262630978369476
5,initial_condition_mismatch,1,joint,['ic'],4.9575243780869735,5,0.078918086724051928,0,2.4787621890434868,0.89795620323765624,1.3929453566695384,True,False,predicted_guard_damage,0.025000000000000001,,,,,,,,,,,,,,,AD_0_4,4,advection_diffusion,3000,3025,1,0,0,,
5,pde_residual,63,sampling,['pde'],6.3470745608328496,1,-0.096052256618147161,0.93210786581039429,4.9052930735480818,0,2.8856461718334043,False,False,target_below_noise,0.025000000000000001,0.0050000000000000001,-0.013539365987960777,-0.0027601543444921066,counterfactual,0.22822616010988545,3.4563804775145486,0.537366244521157,0.40159533999861224,0.02,0.02,0.02,0.02,0.025000000000000001,0.64000000000000012,AD_0_4,4,advection_diffusion,3000,3025,3,2,2,3.4563804775145486,3.4363804775145486
6,pde_residual,63,local_loss,['pde'],11.852462976730234,2,0.86738990744960009,0.90393680334091187,9.0265361886529085,0,5.2285115421052355,False,False,pareto_guard_violation,0.025000000000000001,0.0050000000000000001,0.33486684526636706,0.037098044949658758,counterfactual,-0.12001575956397376,0.033881430203434773,-0.084779661160656522,-0.10439386158531945,0.02,0.02,0.02,0.02,0.025000000000000001,0.64000000000000012,AD_0_4,4,advection_diffusion,3500,3525,3,2,2,0.033881430203434773,0.013881430203434773
0,pde_residual,37,sampling,['pde'],25.876904917835478,1,0,0.76717066764831543,22.864453670161648,0,10.704196100663856,False,True,,0.10000000000000001,0.0050000000000000001,0.51300860721054298,0.022436950150268607,counterfactual,-0.045252440843395934,-0.16302362782058805,-0.074953545573327521,-0.060424732263922296,0.02,0.02,0.02,0.02,0.10000000000000001,0.80448739003005376,AD_5_19,17,advection_diffusion,500,525,2,2,1,-0.045252440843395934,-0.065252440843395931
1,pde_residual,58,sampling,['pde'],11.02150537562958,1,1.6742659018396602,0.83817464113235474,10.129725844293111,0,4.8762370784783036,False,False,pareto_guard_violation,0.050000000000000003,0.0050000000000000001,0.0085769234575336969,0.00084670835019348201,counterfactual,0.029969008125772981,0.045128640360109357,0.030999698923157962,0.030024668094401474,0.02,0.02,0.02,0.02,0.10000000000000001,0.80000000000000004,AD_5_19,17,advection_diffusion,1000,1025,3,1,2,0.045128640360109357,0.025128640360109356
2,pde_residual,58,local_loss,['pde'],7.8495141847677701,2,-0.28780017636023963,0,3.924757092383885,1.1189601117842694,2.2420655444868149,True,False,predicted_guard_damage,0.050000000000000003,,,,,,,,,,,,,,,AD_5_19,17,advection_diffusion,1500,1525,3,1,2,,
2,pde_residual,58,joint,['pde'],7.8495141847677701,2,-0.28780017636023963,0,3.924757092383885,1.1189601117842694,2.2420655444868149,True,False,predicted_guard_damage,0.050000000000000003,,,,,,,,,,,,,,,AD_5_19,17,advection_diffusion,1500,1525,3,1,2,,
2,pde_residual,58,sampling,['pde'],7.8495141847677701,2,-0.28780017636023963,0,3.1398056739071083,1.1189601117842694,2.2120655444868151,True,False,predicted_guard_damage,0.050000000000000003,,,,,,,,,,,,,,,AD_5_19,17,advection_diffusion,1500,1525,3,1,2,,
2,pde_residual,63,joint,['pde'],6.5765659875056404,3,-0.31319246423977998,0.68230211734771729,5.5318854428288597,0,3.0357675720478214,False,False,target_below_noise,0.025000000000000001,0.0050000000000000001,-1.7980252909369738,-0.32502937913651214,counterfactual,2.1097437425555832,4.6795344278755104,3.0197676256025416,2.6217404528883868,0.02,0.02,0.02,0.02,0.050000000000000003,0.80000000000000004,AD_5_19,17,advection_diffusion,1500,1525,3,2,2,4.6795344278755104,4.6595344278755109
3,pde_residual,58,local_loss,['pde'],9.7059543208908252,3,0.23650382589604071,0.86509990692138672,9.0512872502383548,0,4.3790520923302125,False,False,target_below_noise,0.025000000000000001,0.0050000000000000001,-0.11273879471549192,-0.012455553734914675,counterfactual,0.0091984752886593892,-0.0091970318384639975,0.0018314367005919014,0.0049689595512228974,0.02,0.02,0.02,0.02,0.025000000000000001,0.80000000000000004,AD_5_19,17,advection_diffusion,2000,2025,3,1,2,0.0091984752886593892,-0.010801524711340611
4,pde_residual,58,joint,['pde'],10.103678607804579,4,0.040977349961112193,0.83763569593429565,9.2834402349747105,0,4.513096317304802,False,False,target_below_noise,0.025000000000000001,0.0050000000000000001,-0.052549898556250418,-0.0056606061143445897,counterfactual,0.72240237184509515,0.57362204613640755,0.85612229792608641,0.78858632431395148,0.02,0.02,0.02,0.02,0.025000000000000001,0.80000000000000004,AD_5_19,17,advection_diffusion,2500,2525,3,1,2,0.85612229792608641,0.83612229792608639
5,pde_residual,63,sampling,['pde'],7.9038913190305351,6,0.59634114078946243,0.64827096462249756,6.5138772843449226,0,3.6508448346156599,False,False,target_below_noise,0.025000000000000001,0.0050000000000000001,-0.12460743653039814,-0.019129533930562749,counterfactual,0.027414646631452159,0.010967001639088642,0.025410009191128305,0.026052184316434423,0.02,0.02,0.02,0.02,0.025000000000000001,0.80000000000000004,AD_5_19,17,advection_diffusion,3000,3025,3,2,2,0.027414646631452159,0.0074146466314521584
6,pde_residual,11,sampling,['pde'],5.8130725752733614,1,0.097009452020860421,0.33377349376678467,3.8766610591211159,0,2.6016846740647872,False,True,,0.025000000000000001,0.0050000000000000001,0.2481241124133039,0.064004592774369734,counterfactual,-0.37006177345770558,-0.65171352050676179,-0.43909000564833633,-0.41485488038874435,0.02,0.02,0.02,0.02,0.025000000000000001,0.81280091855487402,AD_5_19,17,advection_diffusion,3500,3525,1,2,0,-0.37006177345770558,-0.3900617734577056
0,pde_residual,58,sampling,['pde'],7.3924932652306561,1,0,0.52904015779495239,5.6517095343832029,0,3.2628053376512529,False,False,pareto_guard_violation,0.050000000000000003,0.0050000000000000001,0.50313812438809891,0.089024059238566072,counterfactual,0.11171420164891874,0.17920601385305668,0.11327347656943089,0.11499852081129013,0.02,0.02,0.02,0.02,0.10000000000000001,0.80000000000000004,AD_5_19,18,advection_diffusion,500,525,3,1,2,0.17920601385305668,0.15920601385305669
1,pde_residual,63,sampling,['pde'],6.8592623773930717,2,-0.06926181919032795,0.13781388103961945,3.9022819733453287,0,3.0143415452461197,False,False,target_below_noise,0.025000000000000001,0.0050000000000000001,-0.23664311346170908,-0.06064223833083001,counterfactual,0.032983086573318783,1.0409109652533344,0.20545746975362467,0.13601921898259287,0.02,0.02,0.02,0.02,0.050000000000000003,0.80000000000000004,AD_5_19,18,advection_diffusion,1000,1025,3,2,2,1.0409109652533344,1.0209109652533344
2,pde_residual,58,local_loss,['pde'],14.414268338616184,3,1.1838999108250681,0.93914151191711426,13.975653049661588,0,6.3535356378298973,False,False,target_below_noise,0.025000000000000001,0.0050000000000000001,-0.10998496908281577,-0.0078697552588055265,counterfactual,0.011530318336424374,0.035972141283567627,0.012032805517737869,0.011610018304707663,0.02,0.02,0.02,0.02,0.025000000000000001,0.80000000000000004,AD_5_19,18,advection_diffusion,1500,1525,3,1,2,0.035972141283567627,0.015972141283567626
3,pde_residual,63,local_loss,['pde'],6.5090122892398075,4,-0.3407179706346285,0,3.2545061446199037,3.0596834825229631,-0.19015036389050266,True,False,predicted_guard_damage,0.025000000000000001,,,,,,,,,,,,,,,AD_5_19,18,advection_diffusion,2000,2025,3,2,2,,
3,pde_residual,63,joint,['pde'],6.5090122892398075,4,-0.3407179706346285,0,3.2545061446199037,3.0596834825229631,-0.19015036389050266,True,False,predicted_guard_damage,0.025000000000000001,,,,,,,,,,,,,,,AD_5_19,18,advection_diffusion,2000,2025,3,2,2,,
3,pde_residual,63,sampling,['pde'],6.5090122892398075,4,-0.3407179706346285,0,2.6036049156959233,3.0596834825229631,-0.22015036389050247,True,False,predicted_guard_damage,0.025000000000000001,,,,,,,,,,,,,,,AD_5_19,18,advection_diffusion,2000,2025,3,2,2,,
3,pde_residual,37,joint,['pde'],5.1761824348378616,1,0.24628817392990288,0.20871967077255249,3.1282767642479445,0,2.3368457254826454,False,True,,0.025000000000000001,0.0050000000000000001,0.12937026915827865,0.04135512261472811,counterfactual,-0.0016585324085714493,0.018148139828910368,0.0038161082773737853,-0.00076477418720344119,0.02,0.02,0.02,0.02,0.025000000000000001,0.80827102452294564,AD_5_19,18,advection_diffusion,2000,2025,2,2,1,0.018148139828910368,-0.0018518601710896324
4,pde_residual,38,sampling,['pde'],6.3788301245538088,1,1.6022604218194563,0.68140208721160889,5.3626891426965306,0,2.9878124672638453,False,True,,0.025000000000000001,0.0050000000000000001,0.57405200027971637,0.10704554841884137,counterfactual,-0.34647094900118419,-0.3089839600677739,-0.34850514397748678,-0.34365447889215384,0.02,0.02,0.02,0.02,0.025000000000000001,0.82140910968376835,AD_5_19,18,advection_diffusion,2500,2525,3,2,1,-0.3089839600677739,-0.32898396006777392
5,pde_residual,37,joint,['pde'],5.6950923521769132,1,0.33662149272887554,0,2.3015890651234128,1.8405293666558036,0.64241037716629101,True,False,predicted_guard_damage,0.025000000000000001,,,,,,,,,,,,,,,AD_5_19,18,advection_diffusion,3000,3025,2,2,1,,
5,pde_residual,58,joint,['pde'],8.0244028071060054,1,0.6895044681507283,0.96369081735610962,7.8787230535403259,0,3.6714497331286968,False,False,target_below_noise,0.025000000000000001,0.0050000000000000001,-3.9309460122157578,-0.49893186821046798,counterfactual,1.9795396010586392,3.2817254740227551,2.1139707020129714,2.0658749042792652,0.02,0.02,0.02,0.02,0.025000000000000001,0.80000000000000004,AD_5_19,18,advection_diffusion,3000,3025,3,1,2,3.2817254740227551,3.261725474022755
6,pde_residual,58,sampling,['pde'],8.5717018670416838,2,0.068204335337073291,0.96703195571899414,6.744324594946864,0,3.8489075714941801,False,True,,0.025000000000000001,0.0050000000000000001,0.26283306193939771,0.03897099824292613,counterfactual,-0.010175594653995807,-0.0080852192807130234,-0.0024261441633096946,-0.010248681115760284,0.02,0.02,0.02,0.02,0.025000000000000001,0.64779419964858531,AD_5_19,18,advection_diffusion,3500,3525,3,1,2,-0.0024261441633096946,-0.022426144163309694
0,pde_residual,6,sampling,['pde'],12.021399913036603,1,0,0,6.0106999565183017,2.5560302355069968,2.4525297297076447,True,False,predicted_guard_damage,0.10000000000000001,,,,,,,,,,,,,,,AD_5_19,5,advection_diffusion,500,525,1,1,0,,
0,pde_residual,6,local_loss,['pde'],12.021399913036603,1,0,0,6.0106999565183017,2.5560302355069968,2.4525297297076447,True,False,predicted_guard_damage,0.10000000000000001,,,,,,,,,,,,,,,AD_5_19,5,advection_diffusion,500,525,1,1,0,,
0,pde_residual,6,joint,['pde'],12.021399913036603,1,0,0,6.0106999565183017,2.5560302355069968,2.4525297297076447,True,False,predicted_guard_damage,0.10000000000000001,,,,,,,,,,,,,,,AD_5_19,5,advection_diffusion,500,525,1,1,0,,
0,pde_residual,11,joint,['pde'],10.785395584631196,1,0,0,5.3926977923155981,2.6120732073803983,1.9020850264720806,True,False,predicted_guard_damage,0.10000000000000001,,,,,,,,,,,,,,,AD_5_19,5,advection_diffusion,500,525,1,2,0,,
1,pde_residual,63,joint,['pde'],5.6721583271207976,1,-0.17948913052046228,0,2.8360791635603988,1.0258807426063292,1.4250336751899435,True,False,predicted_guard_damage,0.10000000000000001,,,,,,,,,,,,,,,AD_5_19,5,advection_diffusion,1000,1025,3,2,2,,
1,pde_residual,11,sampling,['pde'],6.4982207444866971,2,-0.39749815447225439,0.25302064418792725,4.071202371666037,0,2.8601426111850392,False,False,pareto_guard_violation,0.050000000000000003,0.0050000000000000001,0.33527720985053278,0.082353363759053083,counterfactual,-0.049254898234444927,0.099724096380045354,-0.0067770567725217098,-0.024128719095452868,0.02,0.02,0.02,0.02,0.10000000000000001,0.80000000000000004,AD_5_19,5,advection_diffusion,1000,1025,1,2,0,0.099724096380045354,0.079724096380045351
2,pde_residual,63,sampling,['pde'],7.972134769413711,2,0.40548523324806096,0.77347081899642944,7.0691741893310223,0,3.6340965948895763,False,False,target_below_noise,0.025000000000000001,0.0050000000000000001,-4.0195195283818927,-0.56859817295890858,counterfactual,2.2385585489531579,11.720929526773313,3.5513049086261188,2.948663714757255,0.02,0.02,0.02,0.02,0.050000000000000003,0.80000000000000004,AD_5_19,5,advection_diffusion,1500,1525,3,2,2,11.720929526773313,11.700929526773313
3,pde_residual,63,local_loss,['pde'],5.3179887257449767,3,-0.33292789452725136,0.25015252828598022,3.3241485254432104,0,2.4439332065024613,False,True,,0.025000000000000001,0.0050000000000000001,0.11027069548943429,0.033172613872519983,counterfactual,0.00061087914165385124,0.0072160842450386961,0.00038935553461748106,0.00099318070108104866,0.02,0.02,0.02,0.02,0.025000000000000001,0.80663452277450409,AD_5_19,5,advection_diffusion,2000,2025,3,2,2,0.0072160842450386961,-0.012783915754961305
4,pde_residual,59,sampling,['pde'],9.6253682357653645,1,2.4605367896164441,0,4.8126841178826822,2.1618329133908789,1.9883143809152672,True,False,predicted_guard_damage,0.025000000000000001,,,,,,,,,,,,,,,AD_5_19,5,advection_diffusion,2500,2525,4,1,2,,
4,pde_residual,59,local_loss,['pde'],9.6253682357653645,1,2.4605367896164441,0,4.8126841178826822,2.1618329133908789,1.9883143809152672,True,False,predicted_guard_damage,0.025000000000000001,,,,,,,,,,,,,,,AD_5_19,5,advection_diffusion,2500,2525,4,1,2,,
4,pde_residual,59,joint,['pde'],9.6253682357653645,1,2.4605367896164441,0,4.8126841178826822,2.1618329133908789,1.9883143809152672,True,False,predicted_guard_damage,0.025000000000000001,,,,,,,,,,,,,,,AD_5_19,5,advection_diffusion,2500,2525,4,1,2,,
4,pde_residual,58,joint,['pde'],6.9588585162051189,1,1.0103286191074572,0.18214395642280579,4.1131862692666274,0,3.1199721977666091,False,True,,0.025000000000000001,0.0050000000000000001,0.40331134098888299,0.098053264449118313,counterfactual,-0.39951533864149591,-0.70710226751418714,-0.49768261807678865,-0.46470813799313004,0.02,0.02,0.02,0.02,0.025000000000000001,0.81961065288982371,AD_5_19,5,advection_diffusion,2500,2525,3,1,2,-0.39951533864149591,-0.41951533864149593
5,pde_residual,37,sampling,['pde'],6.3636085435272021,1,-0.0047358068361782035,0.72897201776504517,5.5012505518845538,0,2.890764240280272,False,False,pareto_guard_violation,0.025000000000000001,0.0050000000000000001,0.027186256423652428,0.004941832073861693,counterfactual,-0.012226134592966306,1.8434306195550054,0.21012546591526174,0.11022325684070966,0.02,0.02,0.02,0.02,0.025000000000000001,0.80000000000000004,AD_5_19,5,advection_diffusion,3000,3025,2,2,1,1.8434306195550054,1.8234306195550054
6,pde_residual,63,joint,['pde'],10.047275995814479,2,0.87739132145428467,0.84132993221282959,9.2501750141483328,0,4.5249155169137865,False,True,,0.025000000000000001,0.0050000000000000001,0.17781854864947461,0.019223263168264112,counterfactual,-0.052845698911053701,-0.043784634728080779,-0.054838862104710867,-0.054905647366067456,0.02,0.02,0.02,0.02,0.025000000000000001,0.8038446526336529,AD_5_19,5,advection_diffusion,3500,3525,3,2,2,-0.043784634728080779,-0.063784634728080783
0,pde_residual,11,sampling,['pde'],7.8800580804171076,1,0,0.40256011486053467,5.5261275831887513,0,3.4325352551389501,False,False,pareto_guard_violation,0.050000000000000003,0.0050000000000000001,0.41332801520753931,0.07479523572074967,counterfactual,0.04883557502126231,0.030729424806841203,0.040942683480550301,0.045418585155227613,0.02,0.02,0.02,0.02,0.10000000000000001,0.80000000000000004,AD_5_19,8,advection_diffusion,500,525,1,2,0,0.04883557502126231,0.02883557502126231
1,pde_residual,58,sampling,['pde'],8.832036627736624,1,1.5042881069507976,0.58637511730194092,7.0054615706703629,0,3.9500896745550378,False,False,target_below_noise,0.025000000000000001,0.0050000000000000001,-0.17415684853704019,-0.024860153293278984,counterfactual,0.033657010920395129,0.056589950618789492,0.031212386049579016,0.035569217680919453,0.02,0.02,0.02,0.02,0.050000000000000003,0.80000000000000004,AD_5_19,8,advection_diffusion,1000,1025,3,1,2,0.056589950618789492,0.036589950618789488
2,pde_residual,58,local_loss,['pde'],7.4181642837322075,2,-0.16008451998082213,0.38849902153015137,5.1500569247560435,0,3.2789570658008311,False,False,target_below_noise,0.025000000000000001,0.0050000000000000001,-0.17387042197575547,-0.033760873814805775,counterfactual,0.15959026308144267,-0.33949231345834302,0.087748795924057779,0.10767041328392103,0.02,0.02,0.02,0.02,0.025000000000000001,0.80000000000000004,AD_5_19,8,advection_diffusion,1500,1525,3,1,2,0.15959026308144267,0.13959026308144268
3,pde_residual,58,joint,['pde'],9.3607368655737737,3,0.26186702094227043,0.52943068742752075,7.158299109571316,0,4.1763675858092411,False,False,target_below_noise,0.025000000000000001,0.0050000000000000001,-0.38897789186452808,-0.054339429787786907,counterfactual,0.010050726922021695,0.050316905554042987,0.0081286131061116366,0.010383635034259408,0.02,0.02,0.02,0.02,0.025000000000000001,0.80000000000000004,AD_5_19,8,advection_diffusion,2000,2025,3,1,2,0.050316905554042987,0.030316905554042987
4,pde_residual,11,local_loss,['pde'],7.6887549407554161,1,0.44704184088284721,0.6416313648223877,6.3110506335885947,0,3.448532433354929,False,True,,0.025000000000000001,0.0050000000000000001,0.17371722985110202,0.027525881178412093,counterfactual,0.0042138675218924429,-0.034715242721580171,0.0020418550324941146,0.0022175116052172103,0.02,0.02,0.02,0.02,0.025000000000000001,0.80550517623568241,AD_5_19,8,advection_diffusion,2500,2525,1,2,0,0.0042138675218924429,-0.015786132478107558
5,pde_residual,11,joint,['pde'],5.3448401288616383,2,-0.30484972273848859,0.80133479833602905,4.8139232578306475,0,2.5177180389380123,False,False,target_below_noise,0.025000000000000001,0.0050000000000000001,-0.18414916656776181,-0.038253448737100772,counterfactual,0.10919367113807785,0.4320778741824699,0.18093270543367987,0.14703111980068317,0.02,0.02,0.02,0.02,0.025000000000000001,0.80000000000000004,AD_5_19,8,advection_diffusion,3000,3025,1,2,0,0.4320778741824699,0.41207787418246988
6,pde_residual,6,joint,['pde'],5.0778628158315007,1,0.55374327988332195,0.49593901634216309,3.7980865529177108,0,2.385707257589365,False,True,,0.025000000000000001,0.0050000000000000001,0.31507702798287995,0.082956779313213935,counterfactual,-0.29859572641412335,-0.21337802507431319,-0.30276522981920373,-0.30567113086109049,0.02,0.02,0.02,0.02,0.025000000000000001,0.81659135586264286,AD_5_19,8,advection_diffusion,3500,3525,1,1,0,-0.21337802507431319,-0.23337802507431318
0,pde_residual,37,joint,['pde'],13.997573566438186,1,0,0,6.9987867832190931,1.8712375715764884,3.9277918549987865,True,False,predicted_guard_damage,0.10000000000000001,,,,,,,,,,,,,,,AD_5_19,9,advection_diffusion,500,525,2,2,1,,
0,pde_residual,63,sampling,['pde'],14.964636176291995,1,0,0.55507242679595947,11.635546547392501,0,6.2968689558759907,False,False,pareto_guard_violation,0.050000000000000003,0.0050000000000000001,0.25227664954449475,0.02168154701774876,counterfactual,0.038718219728289448,-0.080864478338623674,0.034898280543994499,0.032665477814041506,0.02,0.02,0.02,0.02,0.10000000000000001,0.80000000000000004,AD_5_19,9,advection_diffusion,500,525,3,2,2,0.038718219728289448,0.018718219728289447
1,pde_residual,11,sampling,['pde'],10.975858658609576,1,3.1921560690283477,0.36031869053840637,7.4653328390072042,0,4.762407201551512,False,False,pareto_guard_violation,0.025000000000000001,0.0050000000000000001,0.49817869345113097,0.066732281626894277,counterfactual,-0.01529604734454835,0.030098563753945248,0.022715754239917223,0.0051937921127395217,0.02,0.02,0.02,0.02,0.050000000000000003,0.80000000000000004,AD_5_19,9,advection_diffusion,1000,1025,1,2,0,0.030098563753945248,0.010098563753945248
2,pde_residual,63,local_loss,['pde'],9.5203958217167752,1,0.71525353807280889,0.56211704015731812,7.4359862710731539,0,4.1921070905254556,False,True,,0.025000000000000001,0.0050000000000000001,0.10853064837330503,0.014595326620693452,counterfactual,-0.010422548794093498,0.0053099901376065274,-0.0080605568483870411,-0.0089199148668025127,0.02,0.02,0.02,0.02,0.025000000000000001,0.8029190653241387,AD_5_19,9,advection_diffusion,1500,1525,3,2,2,0.0053099901376065274,-0.014690009862393473
3,pde_residual,63,joint,['pde'],12.497113204209825,2,0.31266739726331644,0.86418670415878296,11.64847613782756,0,5.4529493622420189,False,True,,0.025000000000000001,0.0050000000000000001,0.52185089537680474,0.044799928265477816,counterfactual,-0.2300896625811823,-0.053042442988960575,-0.20722399605337555,-0.21984202366852557,0.02,0.02,0.02,0.02,0.025000000000000001,0.80895998565309557,AD_5_19,9,advection_diffusion,2000,2025,3,2,2,-0.053042442988960575,-0.073042442988960579
4,pde_residual,63,joint,['pde'],5.6897501352675244,3,-0.54471484395681091,0.68855804204940796,3.8860307509440695,0,2.6304841759691744,False,False,target_below_noise,0.025000000000000001,0.0050000000000000001,-0.89607991089280947,-0.23059002059495193,counterfactual,0.44926288795333319,3.2972703229842861,0.76434407127982684,0.62176666567657568,0.02,0.02,0.02,0.02,0.025000000000000001,0.64716798852247648,AD_5_19,9,advection_diffusion,2500,2525,3,2,2,3.2972703229842861,3.2772703229842861
5,pde_residual,11,local_loss,['pde'],6.0157524623273009,1,0.23425276610483087,0.39043945074081421,4.1822697747555369,0,2.7078141516895662,False,False,target_below_noise,0.025000000000000001,0.0050000000000000001,-0.095006558048901235,-0.022716506386643742,counterfactual,0.015423182356734387,0.39601807327414545,0.051444926474432523,0.038814810407864331,0.02,0.02,0.02,0.02,0.025000000000000001,0.80000000000000004,AD_5_19,9,advection_diffusion,3000,3025,1,2,0,0.39601807327414545,0.37601807327414544
6,pde_residual,59,joint,['pde'],6.3337669843738507,1,1.2756876153269459,0.50801533460617065,4.7757088691290246,0,2.9351098606707744,False,False,target_below_noise,0.025000000000000001,0.0050000000000000001,-1.613029397037927,-0.33775706209078549,counterfactual,0.20244808653027088,-0.029496885506407684,0.15695915143071598,0.17757334405383668,0.02,0.02,0.02,0.02,0.025000000000000001,0.80000000000000004,AD_5_19,9,advection_diffusion,3500,3525,4,1,2,0.20244808653027088,0.18244808653027089
