benchmark,seed,method,component,weighted_gradient_norm,weighted_gradient_dot_update,loss_before,loss_after
advection_diffusion,1,vara_v2,pde,0.10228928923606873,-0.00017891441530082375,0.00046379136620089412,0.00063778820913285017
advection_diffusion,1,vara_v2,bc,0.22797414660453796,-0.00043834914686158299,1.0126700544788036e-05,5.2069037337787449e-05
advection_diffusion,1,vara_v2,ic,0.51532107591629028,-0.0010721203871071339,2.4711516743991524e-05,7.2498529334552586e-05
advection_diffusion,1,vara_v2,sparse_data,0.053757581859827042,-0.00011497283412609249,1.553612673887983e-05,5.8276717027183622e-05
advection_diffusion,3,vara_v2,pde,1.1951020956039429,-0.01108673308044672,0.0028658581431955099,0.0037464774213731289
advection_diffusion,3,vara_v2,bc,3.2779738903045654,-0.034216456115245819,0.00079375272616744041,0.0010788905201479793
advection_diffusion,3,vara_v2,ic,2.3821089267730713,-0.02508101612329483,0.00058589648688212037,0.00078594079241156578
advection_diffusion,3,vara_v2,sparse_data,0.5587317943572998,-0.005914697889238596,0.00068758003180846572,0.00093613326316699386
advection_diffusion,5,vara_v2,pde,0.76935642957687378,-0.003424046328291297,0.0012424805900081992,0.0015506432391703129
advection_diffusion,5,vara_v2,bc,1.5637556314468384,-0.008489592932164669,0.00019953600713051856,0.00027298109489493072
advection_diffusion,5,vara_v2,ic,1.3435846567153931,-0.0072317533195018768,0.00017131456115748733,0.00023362475621979684
advection_diffusion,5,vara_v2,sparse_data,0.2836533784866333,-0.0015514608239755034,0.00018333847401663661,0.00024980466696433723
advection_diffusion,8,vara_v2,pde,2.2967374324798584,-0.038988709449768066,0.0092569943517446518,0.012467212975025177
advection_diffusion,8,vara_v2,bc,4.0387296676635742,-0.053155604749917984,0.0012220570351928473,0.0016983185196295381
advection_diffusion,8,vara_v2,ic,2.8539791107177734,-0.037901069968938828,0.00087743462063372135,0.0012112022377550602
advection_diffusion,8,vara_v2,sparse_data,0.69511663913726807,-0.0094555672258138657,0.0010987605201080441,0.00147837377153337
advection_diffusion,18,vara_v2,pde,1.7642215490341187,-0.020147893577814102,0.0061302795074880123,0.003426290350034833
advection_diffusion,18,vara_v2,bc,4.1608219146728516,-0.055634479969739914,0.0016317522386088967,0.0008055918151512742
advection_diffusion,18,vara_v2,ic,5.1280555725097656,-0.06527411937713623,0.0019117218907922506,0.00096054200548678637
advection_diffusion,18,vara_v2,sparse_data,0.77351295948028564,-0.01043686643242836,0.0015416850801557302,0.00074052147101610899
advection_diffusion,2,vara_v2,pde,0.023883255198597908,-3.982472208008403e-06,0.00035156751982867718,0.00035291485255584121
advection_diffusion,2,vara_v2,bc,0.042740698903799057,-6.516120265587233e-06,3.4246429549966706e-06,3.3182509469042998e-06
advection_diffusion,2,vara_v2,ic,0.035772468894720078,-5.2909244914189912e-06,4.5089245759299956e-06,4.6262834985100199e-06
advection_diffusion,2,vara_v2,sparse_data,0.0069213313981890678,-8.4793532550975215e-07,3.8090674934210256e-06,3.8811344893474597e-06
advection_diffusion,4,vara_v2,pde,0.08243868499994278,-4.6740544348722324e-05,0.00042851787293329835,0.00042743637459352612
advection_diffusion,4,vara_v2,bc,0.12293337285518646,-7.113962055882439e-05,4.7481362344115041e-06,5.5164291552500799e-06
advection_diffusion,4,vara_v2,ic,0.14964823424816132,-8.1192651123274118e-05,6.2568551584263332e-06,6.3000488808029331e-06
advection_diffusion,4,vara_v2,sparse_data,0.02136104553937912,-1.2204915947222617e-05,7.2171919782704208e-06,8.1652651715558022e-06
advection_diffusion,1,vanilla,pde,0.18633560836315155,-0.00036560633452609181,0.00045297387987375259,0.00039596413262188435
advection_diffusion,1,vanilla,bc,0.38524451851844788,-0.00044991303002461791,1.6408761439379305e-05,1.1589754649321549e-05
advection_diffusion,1,vanilla,ic,0.61445862054824829,-0.00093836220912635326,3.2193111110245809e-05,1.7964321159524843e-05
advection_diffusion,1,vanilla,sparse_data,0.072473295032978058,-0.00010471642599441111,2.0322755517554469e-05,1.5029748283268418e-05
advection_diffusion,4,vanilla,pde,0.19924584031105042,-0.00085003837011754513,0.00045174916158430278,0.0018133160192519426
advection_diffusion,4,vanilla,bc,0.463675856590271,-0.0018181944033131003,2.4318691430380568e-05,0.00027997297002002597
advection_diffusion,4,vanilla,ic,0.33709868788719177,-0.0014507710002362728,2.3105223590391688e-05,0.00020468908769544214
advection_diffusion,4,vanilla,sparse_data,0.07326681911945343,-0.00029126292793080211,2.2065656594350003e-05,0.00023372967552859336
advection_diffusion,8,vanilla,pde,0.075556941330432892,-4.4059619540348649e-05,0.00033260491909459233,0.00032862171065062284
advection_diffusion,8,vanilla,bc,0.10404732078313828,-3.4115815651603043e-05,3.7813977087353123e-06,3.2732339150243206e-06
advection_diffusion,8,vanilla,ic,0.066965840756893158,-2.0487885194597766e-05,5.1394818001426756e-06,4.974453077011276e-06
advection_diffusion,8,vanilla,sparse_data,0.020684203132987022,-7.0228938966465648e-06,5.047818831371842e-06,4.3755489969043992e-06
advection_diffusion,18,vanilla,pde,0.05895451083779335,-2.9589939003926702e-05,0.00030571833485737443,0.00030621208134107292
advection_diffusion,18,vanilla,bc,0.13537198305130005,-7.2297050792258233e-05,4.4030070966982748e-06,4.5009855966782197e-06
advection_diffusion,18,vanilla,ic,0.15512506663799286,-8.0291218182537705e-05,5.2333925850689411e-06,6.3183783822751138e-06
advection_diffusion,18,vanilla,sparse_data,0.022501351311802864,-1.1924141290364787e-05,4.4023113332514185e-06,5.4490624279424082e-06
allen_cahn,0,vara_v2,pde,0.16673964262008667,-0.00014832708984613419,0.0013454863801598549,0.0013051156420260668
allen_cahn,0,vara_v2,bc,0.42917037010192871,-0.00039205251960083842,2.3662538296775892e-05,1.1193489626748487e-05
allen_cahn,0,vara_v2,ic,0.36834105849266052,-0.00032924371771514416,2.6328991225454956e-05,1.544337828818243e-05
allen_cahn,0,vara_v2,sparse_data,0.055715419352054596,-4.9424677854403853e-05,4.7475321480305865e-05,4.1084927943302318e-05
allen_cahn,1,vara_v2,pde,0.11660367995500565,-2.7759459044318646e-05,0.0015740955714136362,0.0015751103637740016
allen_cahn,1,vara_v2,bc,0.069390237331390381,-7.0969445005175658e-06,8.468977284792345e-06,8.1405178207205608e-06
allen_cahn,1,vara_v2,ic,0.086321525275707245,-2.0997878891648725e-05,1.3229791875346564e-05,1.3065363418718334e-05
allen_cahn,1,vara_v2,sparse_data,0.023425038903951645,4.2155710389124579e-07,5.3233779908623546e-05,5.448551382869482e-05
allen_cahn,2,vara_v2,pde,1.6862529516220093,-0.0061249565333127975,0.0031848517246544361,0.0034008726943284273
allen_cahn,2,vara_v2,bc,0.31309542059898376,-0.00058230594731867313,2.8193857360747643e-05,1.7011625459417701e-05
allen_cahn,2,vara_v2,ic,1.7547026872634888,-0.0067363688722252846,0.00018357166845817119,0.00018775157514028251
allen_cahn,2,vara_v2,sparse_data,0.099270373582839966,-0.00035991799086332321,9.86303566605784e-05,0.00011872312461491674
allen_cahn,4,vara_v2,pde,0.11271598935127258,-3.3577729482203722e-05,0.0016624967101961374,0.0016780951991677284
allen_cahn,4,vara_v2,bc,0.24016806483268738,-0.00013579419464804232,1.4035304957360495e-05,1.2143745152570773e-05
allen_cahn,4,vara_v2,ic,0.16382379829883575,-9.8625845566857606e-05,1.5264686226146296e-05,1.5926969354040921e-05
allen_cahn,4,vara_v2,sparse_data,0.02916511707007885,-1.4579861272068229e-05,5.1583578169811517e-05,5.4235340940067545e-05
