benchmark,seed,method,gradient_norm,clip_active,clip_factor,update_norm,update_relative_parameter_norm,gradient_dot_update,descent_alignment_cosine,fixed_batch_loss_before,fixed_batch_loss_after,logged_loss_reconstruction_error,source_member,reference_rms,field_error_mean,constant_error_fraction,last_field_shift_mean,last_field_shift_std,last_update_constant_fraction,training_only_constant_shift,original_l2,diagnostic_shifted_l2,diagnostic_l2_percent_change,allowed_data_objective_decrease,final_output_bias_update,fixed_diagnostic_pde_before,fixed_diagnostic_pde_after_shift,pde_operator_shift_max
advection_diffusion,1,vara_v2,0.81935423612594604,False,1,0.0052039655856788158,0.00023879828829287392,-0.0018043568124994636,0.42317137122154236,0.00084324576891958714,0.002000017324462533,4.3655745685100555e-10,raw/seed_1/vara_v2/checkpoints/final.pt,0.15746480226516724,0.0011545318411663175,0.022051066129694902,0.0025590076111257076,0.0097618065774440765,0.064303543986023295,-0.0031631853410296821,0.049375057220458984,0.050466425716876984,2.2103548049926758,0.00022012631303751148,5.5160373449325562e-05,0.022143758833408356,0.022143758833408356,0
advection_diffusion,3,vara_v2,6.9596943855285645,False,1,0.026518572121858597,0.0012175260192426704,-0.076298892498016357,0.4134070873260498,0.018037509173154831,0.024267056956887245,1.6298145055770874e-09,raw/seed_3/vara_v2/checkpoints/final.pt,0.15746480226516724,0.0033316232729703188,0.012227008372645971,0.0066083744168281555,0.055557753890752792,0.013951323484610862,-0.003516476580195806,0.19134284555912018,0.19017311930656433,-0.61135292053222656,0.00027204336585944303,7.8937038779258728e-05,0.043155830353498459,0.043155830353498459,0
advection_diffusion,5,vara_v2,3.7059206962585449,False,1,0.011768193915486336,0.00054294682588282761,-0.02069685235619545,0.47456791996955872,0.0053176633082330227,0.0071163116954267025,3.4924596548080444e-10,raw/seed_5/vara_v2/checkpoints/final.pt,0.15746480226516724,-0.0037094282452017069,0.058688703596271354,-0.0068822014145553112,0.027358554303646088,0.059516418593197638,0.0036206055559556594,0.097240269184112549,0.09434538334608078,-2.977067232131958,0.00028839326101997377,-5.3007155656814575e-05,0.028439171612262726,0.028439171612262726,0
advection_diffusion,8,vara_v2,9.1419038772583008,False,1,0.038683392107486725,0.0017694554520329305,-0.1395009458065033,0.39447179436683655,0.032449431717395782,0.044519167393445969,9.3132257461547852e-09,raw/seed_8/vara_v2/checkpoints/final.pt,0.15746480226516724,0.0036072186194360256,0.0091018384930487885,0.0070528965443372726,0.069761060178279877,0.010118340161294832,-0.006573501720347188,0.24011783301830292,0.23976366221904755,-0.14749765396118164,0.00095064034708296371,0.0001080390065908432,0.059547048062086105,0.059547048062086105,0
advection_diffusion,18,vara_v2,10.965667724609375,True,0.9119371707349655,0.029171494767069817,0.0013420032327589044,-0.15149335563182831,0.4735870361328125,0.044648393988609314,0.022568671032786369,4.1909515857696533e-09,raw/seed_18/vara_v2/checkpoints/final.pt,0.15746480226516724,-0.0042812470346689224,0.023430785857219243,-0.0091283256188035011,0.067006461322307587,0.018221311214734904,0.012773000635206699,0.17762057483196259,0.18362484872341156,3.3803343772888184,0.0035892899949937964,-0.00025203078985214233,0.044479679316282272,0.044479679316282272,0
advection_diffusion,2,vara_v2,0.094679400324821472,False,1,0.00057958462275564671,2.6826466645988967e-05,-1.6637453882140107e-05,0.30318975448608398,0.00043852132512256503,0.00044012247235514224,3.2014213502407074e-10,raw/seed_2/vara_v2/checkpoints/final.pt,0.15746480226516724,0.00014389884017873555,0.0047481762799817208,-9.5235052867792547e-05,0.0007274509989656508,0.016850884464604584,0.00013820740754123438,0.013262036256492138,0.013351265341043472,0.67278146743774414,4.202283249839147e-07,-3.5893172025680542e-06,0.016753017902374268,0.016753017902374268,0
advection_diffusion,4,vara_v2,0.33636960387229919,False,1,0.0016127830604091287,7.3396892245808568e-05,-0.00021127772924955934,0.38945835828781128,0.00055300217354670167,0.00056193169439211488,3.7834979593753815e-10,raw/seed_4/vara_v2/checkpoints/final.pt,0.15746480226516724,0.00035569237661547959,0.013629109203165729,0.00036512641236186028,0.0026321255136281252,0.018880453673726122,-0.00053086555007294839,0.01934894360601902,0.019248813390731812,-0.51748752593994141,6.2000011095935901e-06,1.0054558515548706e-05,0.0221407450735569,0.0221407450735569,0
advection_diffusion,1,vanilla,1.0875735282897949,False,1,0.0045901276171207428,0.00021037698529690089,-0.0018585979705676436,0.37230774760246277,0.00097963807638734579,0.00072156440000981092,1.6589183360338211e-09,raw/seed_1/vanilla/checkpoints/final.pt,0.15746480226516724,0.00088626472279429436,0.050012656577980853,0.0023793478030711412,0.0064467601478099823,0.11989096139010759,-0.00186773536155339,0.025167498737573624,0.025309573858976364,0.56455135345458984,7.6745578377533392e-05,4.4330954551696777e-05,0.019373854622244835,0.019373854622244835,0
advection_diffusion,4,vanilla,1.0106339454650879,False,1,0.012486051768064499,0.00056796079085331714,-0.0044102664105594158,0.34949889779090881,0.00097011961042881012,0.0071273953653872013,6.184563972055912e-11,raw/seed_4/vanilla/checkpoints/final.pt,0.15746480226516724,-0.0010011077392846346,0.0043213108812057647,-0.00044190269545651972,0.018944958224892616,0.0005438096492007173,0.002622013067593798,0.096714019775390625,0.097052298486232758,0.34976005554199219,0.00015124895558591805,-2.306327223777771e-05,0.033805586397647858,0.033805586397647858,0
advection_diffusion,8,vanilla,0.24059475958347321,False,1,0.001295772148296237,5.9239600888800733e-05,-0.00010568620928097516,0.33900299668312073,0.00043190931319259107,0.00041984967538155615,1.1641532182693481e-10,raw/seed_8/vanilla/checkpoints/final.pt,0.15746480226516724,0.0001491337752668187,0.0044289750195290589,0.00017544672300573438,0.0016219968674704432,0.011565266715370202,0.00013713389489566907,0.014231191948056221,0.01431553065776825,0.59272050857543945,4.1372551284364107e-07,-2.3115426301956177e-06,0.017036406323313713,0.017036406323313713,0
advection_diffusion,18,vanilla,0.34142208099365234,False,1,0.0013555351179093122,6.2309869662094782e-05,-0.00019410235108807683,0.41940000653266907,0.00041088697616942227,0.00042530384962446988,5.2386894822120667e-10,raw/seed_18/vanilla/checkpoints/final.pt,0.15746480226516724,-6.2044397054705769e-05,0.00059904111536670504,0.00040221191011369228,0.0026716489810496569,0.022163304491821197,-0.00067764621147535888,0.016098691150546074,0.0167654138058424,4.1414499282836914,1.0102496534391949e-05,9.622424840927124e-06,0.016929470002651215,0.016929470002651215,0
allen_cahn,0,vara_v2,0.93357402086257935,False,1,0.00184728077147156,7.7344809491857629e-05,-0.00091904797591269016,0.53291326761245728,0.0019403522601351142,0.0016536541515961289,5.8207660913467407e-11,raw/seed_0/vara_v2/checkpoints/final.pt,0.92201292514801025,0.0004340713785495609,0.0032434884144385951,0.00063045549904927611,0.0042485580779612064,0.021546808676663066,2.7544986964626745e-05,0.0082664266228675842,0.0082681728526949883,0.021231174468994141,1.6691978751392059e-08,7.323920726776123e-06,0.05247308686375618,0.052475962787866592,5.7469558669254184e-05
allen_cahn,1,vara_v2,0.19946835935115814,False,1,0.00069950282340869308,2.9155270161301741e-05,-5.5432727094739676e-05,0.39728552103042603,0.0018975507700815797,0.0018961401656270027,1.9790604710578918e-09,raw/seed_1/vara_v2/checkpoints/final.pt,0.92201292514801025,0.00081657769624143839,0.014296127117443798,0.00043262710096314549,0.0008534570224583149,0.20443563844499243,-0.00011425166898830371,0.0074071525596082211,0.0073933522216975689,-0.18619894981384277,2.8717576506548422e-07,4.9769878387451172e-06,0.049031250178813934,0.049023862928152084,0.00023580780543852597
allen_cahn,2,vara_v2,3.2748534679412842,False,1,0.0075714779086410999,0.00031724971868596233,-0.013803550973534584,0.55669623613357544,0.0054997676052153111,0.0056859510950744152,1.3969838619232178e-09,raw/seed_2/vara_v2/checkpoints/final.pt,0.92201292514801025,0.0051001841202378273,0.22270299079458722,0.0081006810069084167,0.011366994120180607,0.33682125893750675,-0.0062080471120266748,0.011721563525497913,0.010403863154351711,-11.241614818572998,0.00084787667679314021,7.1167945861816406e-05,0.05773848295211792,0.059227753430604935,0.013107594102621078
allen_cahn,4,vara_v2,0.4480297863483429,False,1,0.0011882763355970383,4.9214181277166096e-05,-0.00028257764643058181,0.53077864646911621,0.0020586638711392879,0.0020672730170190334,3.4924596548080444e-10,raw/seed_4/vara_v2/checkpoints/final.pt,0.92201292514801025,0.00020299914467614144,0.00066410866459064831,0.00040594139136373997,0.0030614447314292192,0.017279101265345074,-3.1927619023587219e-05,0.0085435332730412483,0.0085427006706595421,-0.009632110595703125,2.2426202843337227e-08,3.8072466850280762e-06,0.048335544764995575,0.048332694917917252,6.641139043495059e-05
