Seed,Vanilla L2,VARA L2,Improvement %,Accepted actions
0,0.015406148508191109,0.013898974284529686,9.782939732536601,2
1,0.025167498737573624,0.049375057220458984,-96.185793969048149,3
2,0.099092267453670502,0.013262036256492138,86.616477150759863,3
3,0.038795072585344315,0.19134284555912018,-393.2142996721808,2
4,0.096714019775390625,0.01934894360601902,79.993651746711436,0
5,0.014014686457812786,0.097240269184112549,-593.84548471224548,3
6,0.015820903703570366,0.01689983531832695,-6.8196585667422864,2
7,0.017314011231064796,0.015933085232973099,7.975771643338434,0
8,0.014231191948056221,0.24011783301830292,-1587.264383016769,2
9,0.17050173878669739,0.037960529327392578,77.735986977304492,2
10,0.012655128724873066,0.013601840473711491,-7.480854358894879,2
11,0.099668845534324646,0.036552950739860535,63.325600347932017,1
12,0.012883300893008709,0.014835288748145103,-15.151302227177402,3
13,0.04250766709446907,0.024568241089582443,42.20280065009927,1
14,0.08263128250837326,0.034624457359313965,58.09764013307506,1
15,0.030286246910691261,0.045041855424642563,-48.720492035421088,1
16,0.013501864857971668,0.013610214926302433,-0.80248224575284166,0
17,0.04176761582493782,0.014197365380823612,66.008676577735329,2
18,0.016098691150546074,0.17762057483196259,-1003.3230786959822,3
19,0.016989104449748993,0.015787007287144661,7.0756946969155425,3
